"station_name_elev","month","year","date","station_ID","solar_rad_avg","soil_moist_perc_A_2in","soil_moist_perc_B_4in","soil_moist_perc_C_8in","soil_moist_perc_D_20in","soil_moist_perc_E_40in","soil_temp_A_2in","soil_temp_B_4in","soil_temp_C_8in","soil_temp_D_20in","soil_temp_E_40in","elevation_ft"
"Bodie Hills (7825 ft)",1,2015,2015-01-01,2215,119.305161290323,4.48709677419355,1.80967741935484,3.71290322580645,2.38064516129032,3.75161290322581,30.4193548387097,31.2258064516129,31.4516129032258,33.9032258064516,36.3870967741936,7825
"Bodie Hills (7825 ft)",1,2016,2016-01-01,2215,105.651290322581,6.84193548387097,2.31290322580645,4.23870967741935,2.76451612903226,2.47096774193548,28.1612903225806,28.3225806451613,29.7096774193548,33.258064516129,36.0645161290323,7825
"Bodie Hills (7825 ft)",1,2017,2017-01-01,2215,113.988387096774,17.1322580645161,7.1,14.0516129032258,3.25161290322581,2.25483870967742,29.8387096774194,30.2903225806452,31.5806451612903,34.5161290322581,37.0322580645161,7825
"Bodie Hills (7825 ft)",1,2018,2018-01-01,2215,110.867419354839,5.8,3.69032258064516,8.34516129032258,3.69032258064516,2.77096774193548,29,29.8064516129032,30.8709677419355,33.9354838709677,36.5483870967742,7825
"Bodie Hills (7825 ft)",1,2019,2019-01-01,2215,119.852258064516,5.29032258064516,2.63870967741935,4.89032258064516,3.46774193548387,2.77096774193548,29.0645161290323,29.7096774193548,31.3870967741935,34.6774193548387,37.1612903225806,7825
"Bodie Hills (7825 ft)",2,2015,2015-02-01,2215,165.542857142857,11.9928571428571,6.96071428571429,4.21071428571429,2.49642857142857,3.89285714285714,37.25,37.0714285714286,36.7857142857143,36.8214285714286,37.7142857142857,7825
"Bodie Hills (7825 ft)",2,2016,2016-02-01,2215,179.42275862069,9.46206896551724,11.1,8.16206896551724,2.90344827586207,2.47586206896552,30.8965517241379,31.3448275862069,32,34.2068965517241,36,7825
"Bodie Hills (7825 ft)",2,2017,2017-02-01,2215,155.309285714286,22.2607142857143,11.2357142857143,21.325,3.60357142857143,2.53928571428571,31.5,32,33,35,37,7825
"Bodie Hills (7825 ft)",2,2018,2018-02-01,2215,163.975,4.62142857142857,2.95,7.31428571428571,3.66785714285714,2.74642857142857,26.0714285714286,27.5,29.3571428571429,32.8214285714286,35.6785714285714,7825
"Bodie Hills (7825 ft)",2,2019,2019-02-01,2215,162.169285714286,12.1535714285714,7.6,5.06785714285714,3.88214285714286,2.96428571428571,31.4285714285714,32,33,35,37,7825
"Bodie Hills (7825 ft)",3,2015,2015-03-01,2215,227.066451612903,12.1483870967742,6.65483870967742,5.16451612903226,2.90645161290323,4.09677419354839,44.4193548387097,43.258064516129,42.4193548387097,39.9677419354839,39.3548387096774,7825
"Bodie Hills (7825 ft)",3,2016,2016-03-01,2215,221.088064516129,15.6032258064516,10.758064516129,16.8161290322581,3.29032258064516,2.05806451612903,34.1612903225806,36.9032258064516,35.8064516129032,36.7741935483871,37.8064516129032,7825
"Bodie Hills (7825 ft)",3,2017,2017-03-01,2215,229.053870967742,25.9225806451613,16.1354838709677,25.1129032258065,12.1387096774194,11.4806451612903,32.4516129032258,32.8387096774194,33.4838709677419,34.9032258064516,36.4838709677419,7825
"Bodie Hills (7825 ft)",3,2018,2018-03-01,2215,219.243225806452,12.0032258064516,5.13548387096774,8.90322580645161,3.70645161290323,2.8,30.3225806451613,30.5483870967742,30.9354838709677,32.5483870967742,34.9677419354839,7825
"Bodie Hills (7825 ft)",3,2019,2019-03-01,2215,238.904516129032,14.9322580645161,10.1612903225806,8.59677419354839,3.67096774193548,3.29032258064516,32,32,33,35,37,7825
"Bodie Hills (7825 ft)",4,2015,2015-04-01,2215,275.647333333333,7.35666666666667,4.62666666666667,5.44666666666667,3.17,4.19333333333333,48.7666666666667,47.4,46.8666666666667,44.5,43.2,7825
"Bodie Hills (7825 ft)",4,2016,2016-04-01,2215,251.704666666667,16.0066666666667,11.0666666666667,18.3666666666667,3.59666666666667,2.40666666666667,42.8666666666667,44.9,43.1,41.8333333333333,41.9,7825
"Bodie Hills (7825 ft)",4,2017,2017-04-01,2215,263.095333333333,21.81,14.2833333333333,23.9366666666667,15.7833333333333,16.38,39.1333333333333,41.0333333333333,39.3666666666667,38.0333333333333,38.5666666666667,7825
"Bodie Hills (7825 ft)",4,2018,2018-04-01,2215,273.002333333333,17.49,11.68,19.1933333333333,5.66,3.16333333333333,40.4333333333333,43.0333333333333,39.7,38.2333333333333,38.2333333333333,7825
"Bodie Hills (7825 ft)",4,2019,2019-04-01,2215,284.473,21.3466666666667,17.1166666666667,24.96,13.9833333333333,11.3833333333333,38.1666666666667,39.2,37.9333333333333,36.5666666666667,37.3,7825
"Bodie Hills (7825 ft)",5,2015,2015-05-01,2215,252.726129032258,15.758064516129,13.3064516129032,12.8516129032258,3.59354838709677,4.33870967741935,50.1612903225806,49.1612903225806,48.4838709677419,47,45.5806451612903,7825
"Bodie Hills (7825 ft)",5,2016,2016-05-01,2215,287.605806451613,18.4451612903226,12.8,22.3225806451613,8.21612903225807,2.78709677419355,48.741935483871,49.7096774193548,47.6129032258064,45.3870967741936,45.3870967741936,7825
"Bodie Hills (7825 ft)",5,2017,2017-05-01,2215,305.038387096774,16.9645161290323,10.6483870967742,20.1258064516129,13.1838709677419,14.3451612903226,50.8709677419355,52.1935483870968,49.0645161290323,45.3548387096774,44.4516129032258,7825
"Bodie Hills (7825 ft)",5,2018,2018-05-01,2215,272.678064516129,13.9870967741935,9.3,16.3806451612903,7.22258064516129,3.44838709677419,51.0645161290323,52.5161290322581,49.3870967741936,45.8709677419355,44.8387096774194,7825
"Bodie Hills (7825 ft)",5,2019,2019-05-01,2215,266.159677419355,16.1645161290323,11.2935483870968,18.9709677419355,11.741935483871,11.8225806451613,45.9677419354839,48.2258064516129,45.9354838709677,43.7096774193548,43.4838709677419,7825
"Bodie Hills (7825 ft)",6,2015,2015-06-01,2215,314.279,13.5666666666667,11.6633333333333,13.5066666666667,5.41333333333333,4.67,66.2333333333333,64.0666666666667,62.5666666666667,57.6333333333333,52.7666666666667,7825
"Bodie Hills (7825 ft)",6,2016,2016-06-01,2215,345.514333333333,8.52333333333333,5.83,13,8.44333333333333,3.12333333333333,63.4666666666667,63.5666666666667,59.4,53.7333333333333,52.0333333333333,7825
"Bodie Hills (7825 ft)",6,2017,2017-06-01,2215,350.964666666667,3.77,2.02,10.2566666666667,8.56333333333333,9.31333333333333,64.3,64.0333333333333,58.9,53.0333333333333,51.0666666666667,7825
"Bodie Hills (7825 ft)",6,2018,2018-06-01,2215,374.116,4.04,3.12,9.97,5.75333333333333,3.67333333333333,66.1,66.1666666666667,60.4,53.7,51.3333333333333,7825
"Bodie Hills (7825 ft)",6,2019,2019-06-01,2215,329.788,7.95,5.56,13.2,9.1,8.77,59.1333333333333,60.5,55.6666666666667,50.3333333333333,48.7,7825
"Bodie Hills (7825 ft)",7,2015,2015-07-01,2215,255.195483870968,6.53870967741936,4.56451612903226,6.27096774193548,4.3,4.68387096774194,66.3225806451613,64.7096774193548,63.6451612903226,60.3548387096774,57.1612903225806,7825
"Bodie Hills (7825 ft)",7,2016,2016-07-01,2215,354.051935483871,1.87741935483871,0.870967741935484,6.75483870967742,4.71612903225806,3.36129032258065,69.7741935483871,69.2258064516129,64.8709677419355,59.0322580645161,57.2903225806452,7825
"Bodie Hills (7825 ft)",7,2017,2017-07-01,2215,328.891612903226,1.85806451612903,0.216129032258065,6.88709677419355,5.25483870967742,3.84516129032258,71.1935483870968,71.258064516129,65.4838709677419,59.4838709677419,57.4516129032258,7825
"Bodie Hills (7825 ft)",7,2018,2018-07-01,2215,283.401612903226,5.54193548387097,2.88709677419355,6.39354838709677,4.44516129032258,3.76774193548387,67.6451612903226,68.8064516129032,64.1935483870968,58.5483870967742,56.5483870967742,7825
"Bodie Hills (7825 ft)",7,2019,2019-07-01,2215,331.912903225806,4.54516129032258,3.16129032258065,6.9,5.39032258064516,4.29677419354839,66.1612903225806,67.6451612903226,62.3870967741936,56.6451612903226,54.7741935483871,7825
"Bodie Hills (7825 ft)",8,2015,2015-08-01,2215,304.527741935484,4.58064516129032,2.6,5.66451612903226,3.77741935483871,3.61612903225806,66.8387096774194,66.2258064516129,64.2258064516129,60.4838709677419,57.8387096774194,7825
"Bodie Hills (7825 ft)",8,2016,2016-08-01,2215,299.877741935484,1.36129032258065,0.225806451612903,6.19677419354839,4.23548387096774,3.06129032258065,66.8387096774194,67.5806451612903,63.9354838709677,60.4838709677419,59.3225806451613,7825
"Bodie Hills (7825 ft)",8,2017,2017-08-01,2215,247.347096774194,6.46774193548387,3.94838709677419,6.50967741935484,4.81935483870968,3.92258064516129,62.3548387096774,64.4193548387097,61.9677419354839,59.2903225806452,58.5483870967742,7825
"Bodie Hills (7825 ft)",8,2018,2018-08-01,2215,288.173870967742,5.10645161290323,3.31290322580645,6.26774193548387,4.44838709677419,3.80645161290323,62.9354838709677,65.1290322580645,62.0322580645161,58.8387096774194,57.6129032258064,7825
"Bodie Hills (7825 ft)",8,2019,2019-08-01,2215,313.981290322581,2.79354838709677,2.24838709677419,6.74516129032258,4.81290322580645,4.11612903225806,65,67.0645161290323,63.1612903225806,59.1290322580645,57.5161290322581,7825
"Bodie Hills (7825 ft)",9,2015,2015-09-01,2215,233.604666666667,1.27666666666667,0.0533333333333333,5,3.65333333333333,2.23333333333333,58.4333333333333,61.0666666666667,58.4666666666667,57.2333333333333,56.9666666666667,7825
"Bodie Hills (7825 ft)",9,2016,2016-09-01,2215,249.512333333333,1.01333333333333,0.0466666666666667,5.63666666666667,3.89,2.75666666666667,54.8666666666667,58.2,56.5,56.8,57.0333333333333,7825
"Bodie Hills (7825 ft)",9,2017,2017-09-01,2215,231.42,6.83666666666667,1.95,6.04,4.35333333333333,3.71,51.1333333333333,54.7333333333333,54.7333333333333,55.9333333333333,56.5333333333333,7825
"Bodie Hills (7825 ft)",9,2018,2018-09-01,2215,261.574,1.59333333333333,0.576666666666667,5.77333333333333,4.22666666666667,3.63333333333333,54.7,57.4,55.9,55.8333333333333,55.8333333333333,7825
"Bodie Hills (7825 ft)",9,2019,2019-09-01,2215,251.136333333333,1.58,0.57,6.02,4.37,3.86666666666667,52.8666666666667,55.2666666666667,55.3,56.1,56.5666666666667,7825
"Bodie Hills (7825 ft)",10,2015,2015-10-01,2215,166.544838709677,8.40645161290323,3.96129032258065,4.48064516129032,3.35806451612903,2.25806451612903,43.7741935483871,46.7741935483871,48.258064516129,51.5806451612903,53.258064516129,7825
"Bodie Hills (7825 ft)",10,2016,2016-10-01,2215,179.066451612903,5.94516129032258,2.77741935483871,5.22903225806452,3.61935483870968,2.34838709677419,40.4838709677419,43.7096774193548,45.741935483871,49.7741935483871,51.7096774193548,7825
"Bodie Hills (7825 ft)",10,2017,2017-10-01,2215,200.985483870968,4.54516129032258,1.65806451612903,5.59677419354839,3.97096774193548,3.34193548387097,38.5161290322581,41.9032258064516,43.9354838709677,47.9677419354839,50.2258064516129,7825
"Bodie Hills (7825 ft)",10,2018,2018-10-01,2215,185.90064516129,2.50645161290323,0.551612903225806,5.31612903225806,3.88064516129032,3.41290322580645,38.7096774193548,42.258064516129,44.5483870967742,48.6451612903226,50.5161290322581,7825
"Bodie Hills (7825 ft)",10,2019,2019-10-01,2215,204.162258064516,1.13548387096774,0.206451612903226,5.56774193548387,4.08064516129032,3.6258064516129,37.8387096774194,41.3225806451613,43.9354838709677,48.1612903225806,50.3870967741936,7825
"Bodie Hills (7825 ft)",11,2015,2015-11-01,2215,123.582333333333,8.69,4.17,4.36333333333333,3.12666666666667,2.13333333333333,29.4666666666667,30.3333333333333,34.2333333333333,40.9333333333333,44.7666666666667,7825
"Bodie Hills (7825 ft)",11,2016,2016-11-01,2215,142.356666666667,8.04333333333333,5.29,5.02,3.49,2.33,31.8666666666667,33.5333333333333,36.8333333333333,42.6666666666667,45.8,7825
"Bodie Hills (7825 ft)",11,2017,2017-11-01,2215,134.028,8.33,6.25333333333333,11.6766666666667,3.89333333333333,3.19,33.3666666666667,35.1,37.8,42.8333333333333,45.8,7825
"Bodie Hills (7825 ft)",11,2018,2018-11-01,2215,137.130333333333,4.13333333333333,1.63,4.89666666666667,3.68666666666667,3.05333333333333,31.4,33.3333333333333,36.6,41.7666666666667,44.6666666666667,7825
"Bodie Hills (7825 ft)",11,2019,2019-11-01,2215,126.273666666667,1.19,0.0833333333333333,5.45,3.83,3.35666666666667,33.1333333333333,35.0666666666667,37.9,42.3333333333333,45.2666666666667,7825
"Bodie Hills (7825 ft)",12,2015,2015-12-01,2215,90.0741935483871,6.53870967741936,1.67096774193548,4.23870967741935,2.75483870967742,2.15483870967742,26.8387096774194,27.4193548387097,29.5483870967742,35.1935483870968,38.5806451612903,7825
"Bodie Hills (7825 ft)",12,2016,2016-12-01,2215,111.74935483871,5.45806451612903,2.2,4.75161290322581,3.12903225806452,2.06451612903226,26.3870967741935,27.4193548387097,30.7096774193548,36.3225806451613,39.9354838709677,7825
"Bodie Hills (7825 ft)",12,2017,2017-12-01,2215,110.148064516129,4.04193548387097,2.85161290322581,8.83870967741935,3.75483870967742,2.87096774193548,25.3548387096774,26.9677419354839,30.1935483870968,35.6129032258064,39.3225806451613,7825
"Bodie Hills (7825 ft)",12,2018,2018-12-01,2215,101.52064516129,6.37741935483871,3.2741935483871,4.8741935483871,3.58387096774194,2.99354838709677,29.8387096774194,30.5161290322581,33.1612903225806,37.0322580645161,40.0967741935484,7825
"Bodie Hills (7825 ft)",12,2019,2019-12-01,2215,100.386774193548,3.86774193548387,0.216129032258065,5.1741935483871,3.76129032258065,3.19354838709677,27.6129032258065,29.0322580645161,32.2258064516129,37,40.258064516129,7825
"Cochora Ranch (2697 ft)",1,2015,2015-01-01,2189,136.199032258065,15.658064516129,13.4645161290323,10.9064516129032,4.29677419354839,9.26774193548387,50.0645161290323,50.0645161290323,50.5483870967742,53.5806451612903,56.9354838709677,2697
"Cochora Ranch (2697 ft)",1,2016,2016-01-01,2189,107.628709677419,14.2032258064516,10.2483870967742,7.47741935483871,5.08709677419355,9.59032258064516,47.2258064516129,47.5806451612903,48.6451612903226,51.7096774193548,55.4193548387097,2697
"Cochora Ranch (2697 ft)",1,2017,2017-01-01,2189,114.19064516129,20.441935483871,17.8451612903226,18.4935483870968,7.18064516129032,9.89677419354839,45.5806451612903,45.9354838709677,46.9677419354839,50.8064516129032,55.6451612903226,2697
"Cochora Ranch (2697 ft)",1,2018,2018-01-01,2189,124.993225806452,12.2096774193548,9.89354838709677,10.5548387096774,7.78709677419355,11.9,52.7096774193548,53.5161290322581,54.2903225806452,57.5806451612903,60.5161290322581,2697
"Cochora Ranch (2697 ft)",1,2019,2019-01-01,2189,125.204516129032,14.8129032258065,11.3870967741935,7.21935483870968,7.70645161290323,11.1,47.5806451612903,48.0645161290323,49.3225806451613,52.8064516129032,56.7741935483871,2697
"Cochora Ranch (2697 ft)",2,2015,2015-02-01,2189,184.271785714286,10.5321428571429,8.18928571428571,8.53571428571429,4.57857142857143,9.45714285714286,57.5,57.8571428571429,57.7857142857143,58.8928571428571,59.9642857142857,2697
"Cochora Ranch (2697 ft)",2,2016,2016-02-01,2189,197.378965517241,12.5241379310345,10.3689655172414,9.48275862068965,5.16551724137931,9.68275862068966,53.9655172413793,53.7931034482759,53.6551724137931,55,56.6551724137931,2697
"Cochora Ranch (2697 ft)",2,2017,2017-02-01,2189,128.548571428571,19.9607142857143,18.1607142857143,20.55,13.9428571428571,11.1571428571429,51.8928571428571,51.6428571428571,52.0357142857143,53.6428571428571,55.6428571428571,2697
"Cochora Ranch (2697 ft)",2,2018,2018-02-01,2189,196.174642857143,9.09285714285714,8.31071428571429,10.8107142857143,7.77142857142857,11.8357142857143,53.6071428571429,54.6428571428571,55.4642857142857,57.75,59.8214285714286,2697
"Cochora Ranch (2697 ft)",2,2019,2019-02-01,2189,152.4175,21.2535714285714,18.975,19.45,12.2214285714286,10.875,45.5714285714286,46.1071428571429,47.2142857142857,50.25,54.4285714285714,2697
"Cochora Ranch (2697 ft)",3,2015,2015-03-01,2189,239.22,8.33870967741935,7.14838709677419,8.07741935483871,4.84193548387097,9.66451612903226,64.8064516129032,64.0967741935484,63,62.3870967741936,62.3870967741936,2697
"Cochora Ranch (2697 ft)",3,2016,2016-03-01,2189,230.02,11.0161290322581,8.49032258064516,8.85161290322581,5.39677419354839,9.96129032258064,59.8709677419355,59.741935483871,59.7096774193548,60.5483870967742,60.741935483871,2697
"Cochora Ranch (2697 ft)",3,2017,2017-03-01,2189,229.499032258065,13.9290322580645,12.2161290322581,15.9516129032258,12.2709677419355,15.5129032258065,58.3548387096774,56.6774193548387,56.1612903225806,56.8064516129032,57.4193548387097,2697
"Cochora Ranch (2697 ft)",3,2018,2018-03-01,2189,203.29,14.9709677419355,11.4193548387097,12.5774193548387,8.11612903225806,11.7838709677419,55.1612903225806,55.4838709677419,55.4838709677419,56.8064516129032,58.7741935483871,2697
"Cochora Ranch (2697 ft)",3,2019,2019-03-01,2189,220.002258064516,18.8387096774194,17.6387096774194,19.4387096774194,16.5161290322581,16.1096774193548,55.9354838709677,55.4516129032258,55.0645161290323,55.2903225806452,56,2697
"Cochora Ranch (2697 ft)",4,2015,2015-04-01,2189,292.7,5.28333333333333,5.83666666666667,8.02666666666667,5.08333333333333,10.03,69.1,68.5,67.9,67.7,67.2,2697
"Cochora Ranch (2697 ft)",4,2016,2016-04-01,2189,279.053,12.31,9.87333333333333,11.7433333333333,5.53333333333333,10.26,68.6333333333333,67.8666666666667,67.0333333333333,66.3666666666667,65.1,2697
"Cochora Ranch (2697 ft)",4,2017,2017-04-01,2189,280.127666666667,11.0233333333333,9.02333333333333,11.1133333333333,9.12333333333333,12.4566666666667,71.9666666666667,69.5,67.5333333333333,65.9666666666667,64.4666666666667,2697
"Cochora Ranch (2697 ft)",4,2018,2018-04-01,2189,290.282,8.99666666666667,8.24,11.4433333333333,9.86666666666667,12.02,71.0666666666667,70.2,68.6333333333333,66.7333333333333,64.9666666666667,2697
"Cochora Ranch (2697 ft)",4,2019,2019-04-01,2189,284.386333333333,9.44666666666667,10.21,13.0566666666667,12.54,13.5133333333333,74.0666666666667,71.4,69.3,66.7333333333333,64.3666666666667,2697
"Cochora Ranch (2697 ft)",5,2015,2015-05-01,2189,301.71935483871,5.94838709677419,5.44516129032258,8.18709677419355,5.25806451612903,10.2612903225806,73.6451612903226,73.3225806451613,72.1290322580645,71.1612903225806,70.0967741935484,2697
"Cochora Ranch (2697 ft)",5,2016,2016-05-01,2189,303.816451612903,9.7,8.14516129032258,9.28064516129032,5.8258064516129,10.5935483870968,77.2903225806452,75.9354838709677,74.5483870967742,72.2903225806452,69.8064516129032,2697
"Cochora Ranch (2697 ft)",5,2017,2017-05-01,2189,314.421612903226,10.8806451612903,10.5709677419355,11.3096774193548,8.94193548387097,13.1612903225806,82.9032258064516,80.8387096774194,78.9354838709677,75.8709677419355,72.741935483871,2697
"Cochora Ranch (2697 ft)",5,2018,2018-05-01,2189,317.501612903226,5.11290322580645,6.07741935483871,9.47741935483871,8.30322580645161,12.4387096774194,81.5161290322581,79.6129032258064,77.6451612903226,74.4516129032258,71.7096774193548,2697
"Cochora Ranch (2697 ft)",5,2019,2019-05-01,2189,286.373225806452,10.3290322580645,9.32258064516129,11.3290322580645,11.3354838709677,13.1806451612903,77,75.6774193548387,74.7096774193548,73.5806451612903,72,2697
"Cochora Ranch (2697 ft)",6,2015,2015-06-01,2189,338.65,8.78333333333333,8.82666666666667,8.71,5.62,10.6133333333333,86.1,85.1,83.2666666666667,79.4333333333333,76.0333333333333,2697
"Cochora Ranch (2697 ft)",6,2016,2016-06-01,2189,351.437666666667,4.07666666666667,5.17,9.34,6.2,11.2833333333333,92.1666666666667,89.5666666666667,87,82.7666666666667,78.4666666666667,2697
"Cochora Ranch (2697 ft)",6,2017,2017-06-01,2189,352.530666666667,5.12,6.85,11.2566666666667,9.51333333333333,13.3866666666667,95.9,92.0666666666667,89.2666666666667,85.2,81.0666666666667,2697
"Cochora Ranch (2697 ft)",6,2018,2018-06-01,2189,363.674333333333,3.70666666666667,4.73333333333333,9.59666666666667,8.33,12.6633333333333,92.6333333333333,89.6666666666667,86.5666666666667,82.3666666666667,78.5333333333333,2697
"Cochora Ranch (2697 ft)",6,2019,2019-06-01,2189,353.133666666667,5.63333333333333,9.13333333333333,11.3366666666667,11.1,13.7333333333333,95.3666666666667,91.7333333333333,88.7333333333333,83.8666666666667,79.2333333333333,2697
"Cochora Ranch (2697 ft)",7,2015,2015-07-01,2189,322.975483870968,7.67096774193548,6.87096774193548,9.04516129032258,5.92903225806452,11.1548387096774,87.741935483871,87.0645161290323,85.741935483871,83.4516129032258,81,2697
"Cochora Ranch (2697 ft)",7,2016,2016-07-01,2189,354.523225806452,3.07096774193548,3.96129032258065,8.72258064516129,6.39354838709677,11.7483870967742,96.0645161290323,94,91.1612903225806,87.5806451612903,83.5806451612903,2697
"Cochora Ranch (2697 ft)",7,2017,2017-07-01,2189,338.126451612903,3.90967741935484,4.93225806451613,10.7354838709677,9.6741935483871,13.6612903225806,101.064516129032,97.7096774193548,94.1935483870968,90.9032258064516,87.1290322580645,2697
"Cochora Ranch (2697 ft)",7,2018,2018-07-01,2189,333.951290322581,3.25483870967742,4.19677419354839,8.93548387096774,8.81935483870968,12.9322580645161,99.5161290322581,96.9354838709677,93.258064516129,88.6451612903226,84.6451612903226,2697
"Cochora Ranch (2697 ft)",7,2019,2019-07-01,2189,342.709677419355,3.76451612903226,6.08387096774194,11.0354838709677,11.058064516129,14.5,98.9677419354839,96.1935483870968,92.8709677419355,89.0967741935484,85.5483870967742,2697
"Cochora Ranch (2697 ft)",8,2015,2015-08-01,2189,314.40935483871,4.86129032258065,5.72258064516129,9.03870967741936,6.02258064516129,11.3129032258065,88.1935483870968,87.4193548387097,86.2258064516129,84.2903225806452,82.0967741935484,2697
"Cochora Ranch (2697 ft)",8,2016,2016-08-01,2189,319.423225806452,2.60322580645161,3.44516129032258,7.86451612903226,6.50322580645161,11.8161290322581,93,92.0322580645161,90.3225806451613,88.2903225806452,85.7741935483871,2697
"Cochora Ranch (2697 ft)",8,2017,2017-08-01,2189,300.896451612903,3.38709677419355,4.35161290322581,9.60645161290323,9.74516129032258,13.7806451612903,97.1935483870968,95.2258064516129,92.6451612903226,89.9032258064516,87.741935483871,2697
"Cochora Ranch (2697 ft)",8,2018,2018-08-01,2189,314.786774193548,2.71935483870968,3.55161290322581,7.84838709677419,9.07741935483871,13.0032258064516,94.1935483870968,93.1935483870968,91.2258064516129,88.8064516129032,86.7096774193548,2697
"Cochora Ranch (2697 ft)",8,2019,2019-08-01,2189,323.997096774194,3.32258064516129,5.46451612903226,10.0645161290323,10.8806451612903,14.8838709677419,97.9032258064516,96.3548387096774,93.258064516129,90.4838709677419,87.3870967741936,2697
"Cochora Ranch (2697 ft)",9,2015,2015-09-01,2189,261.183,6.54,4.77,8.54,5.91,11.2466666666667,80.8,81.1666666666667,80.9333333333333,81.1333333333333,80.9333333333333,2697
"Cochora Ranch (2697 ft)",9,2016,2016-09-01,2189,274.118,2.46333333333333,2.91333333333333,6.95666666666667,6.31666666666667,11.8533333333333,83.4,83.4333333333333,82.6,82.5,82.3666666666667,2697
"Cochora Ranch (2697 ft)",9,2017,2017-09-01,2189,261.745333333333,8.83,6.94333333333333,8.62666666666667,9.57666666666667,13.65,80.9333333333333,82.2666666666667,83.2333333333333,83.9666666666667,84.2333333333333,2697
"Cochora Ranch (2697 ft)",9,2018,2018-09-01,2189,273.695666666667,2.52666666666667,3.16333333333333,7.15666666666667,9.17,12.7,85,84.9,84.1666666666667,83.6,83.4333333333333,2697
"Cochora Ranch (2697 ft)",9,2019,2019-09-01,2189,275.281666666667,3.01333333333333,4.85,8.98,10.4433333333333,14.6566666666667,86.3,86.9333333333333,86.0666666666667,85.8,85,2697
"Cochora Ranch (2697 ft)",10,2015,2015-10-01,2189,189.555483870968,6.25806451612903,4.62258064516129,7.84193548387097,5.76774193548387,10.9709677419355,70.2258064516129,71.0645161290323,72.0645161290323,74.5161290322581,76.1290322580645,2697
"Cochora Ranch (2697 ft)",10,2016,2016-10-01,2189,199.624838709677,2.98387096774194,2.59677419354839,6.36774193548387,5.93548387096774,11.5612903225806,69.3548387096774,70.7096774193548,71.6774193548387,74.5483870967742,76.4838709677419,2697
"Cochora Ranch (2697 ft)",10,2017,2017-10-01,2189,217.441935483871,3.90645161290323,4.79032258064516,8.36451612903226,9.04193548387097,13.1322580645161,69.7741935483871,71.741935483871,72.4838709677419,74.7096774193548,76.6129032258064,2697
"Cochora Ranch (2697 ft)",10,2018,2018-10-01,2189,208.671612903226,2.66129032258065,3.12258064516129,6.7,8.80645161290323,12.4129032258065,71.3548387096774,72.4838709677419,73.3225806451613,75.3548387096774,77.3225806451613,2697
"Cochora Ranch (2697 ft)",10,2019,2019-10-01,2189,220.97064516129,2.47741935483871,4.27096774193548,8.06451612903226,9.6,14.0548387096774,69.9032258064516,71.2903225806452,72.3548387096774,74.9032258064516,77.3225806451613,2697
"Cochora Ranch (2697 ft)",11,2015,2015-11-01,2189,155.486,8.55,4.34666666666667,7.01,5.30666666666667,10.2866666666667,50.9666666666667,52.7333333333333,55.7333333333333,61.9333333333333,66.9666666666667,2697
"Cochora Ranch (2697 ft)",11,2016,2016-11-01,2189,154.015666666667,7.42666666666667,3.82666666666667,5.94333333333333,5.70333333333333,10.9666666666667,57.6333333333333,59,61.1333333333333,65.9666666666667,69.6666666666667,2697
"Cochora Ranch (2697 ft)",11,2017,2017-11-01,2189,144.721,3.97,3.85666666666667,7.99666666666667,8.46666666666667,12.6366666666667,60.1333333333333,62.1,63.7666666666667,67.3666666666667,70.4333333333333,2697
"Cochora Ranch (2697 ft)",11,2018,2018-11-01,2189,142.878666666667,3.61666666666667,3.01,6.38666666666667,8.47333333333333,12.0433333333333,58.8,60.4,62.5333333333333,66.7,70.1666666666667,2697
"Cochora Ranch (2697 ft)",11,2019,2019-11-01,2189,148.107666666667,5.58333333333333,4.5,7.48333333333333,9.14333333333333,13.3766666666667,57.9333333333333,59.8666666666667,62.0666666666667,66.4666666666667,69.9666666666667,2697
"Cochora Ranch (2697 ft)",12,2015,2015-12-01,2189,117.921290322581,8.21612903225807,4.16774193548387,6.71612903225806,5.10645161290323,9.81290322580645,44.4516129032258,45.9354838709677,48.4838709677419,53.9354838709677,59.1935483870968,2697
"Cochora Ranch (2697 ft)",12,2016,2016-12-01,2189,110.165806451613,13.3483870967742,9.78064516129032,6.21612903225806,5.25161290322581,10.3032258064516,46.5483870967742,47.3870967741936,49.8709677419355,55.5161290322581,60.8064516129032,2697
"Cochora Ranch (2697 ft)",12,2017,2017-12-01,2189,138.415483870968,3.05161290322581,3.24516129032258,7.4,7.94516129032258,12.0870967741935,50.9677419354839,52.7096774193548,54.6129032258064,59.1612903225806,63.258064516129,2697
"Cochora Ranch (2697 ft)",12,2018,2018-12-01,2189,108.324516129032,13.6741935483871,9.93870967741936,6.13870967741935,7.82258064516129,11.4387096774194,46.4193548387097,47.741935483871,51.0645161290323,56.6129032258064,61.5483870967742,2697
"Cochora Ranch (2697 ft)",12,2019,2019-12-01,2189,105.637741935484,17.4677419354839,15.4096774193548,13.0354838709677,8.46129032258064,12.7516129032258,47.0967741935484,48.258064516129,50.0322580645161,55.3225806451613,60.5806451612903,2697
"Deep Springs (5399 ft)",1,2015,2015-01-01,2187,121.416451612903,9.87096774193548,11.1903225806452,9.78709677419355,4.27096774193548,6.36129032258065,38.0967741935484,37.0967741935484,37.8387096774194,39.0967741935484,43.9032258064516,5399
"Deep Springs (5399 ft)",1,2016,2016-01-01,2187,108.440967741935,8.15161290322581,9.41935483870968,5.98709677419355,5.16129032258065,6.30967741935484,32.6774193548387,31.8387096774194,33.2258064516129,35.6451612903226,40.8387096774194,5399
"Deep Springs (5399 ft)",1,2017,2017-01-01,2187,115.367096774194,12.3741935483871,14.258064516129,10.3612903225806,6.24516129032258,6.24193548387097,33.0322580645161,32.3548387096774,34.2903225806452,36.7741935483871,42.7096774193548,5399
"Deep Springs (5399 ft)",1,2018,2018-01-01,2187,119.937741935484,9.64193548387097,11.0161290322581,9.07096774193548,5.59354838709677,7.65161290322581,39.0322580645161,38.5161290322581,39.7741935483871,42.0322580645161,46.5806451612903,5399
"Deep Springs (5399 ft)",1,2019,2019-01-01,2187,108.797741935484,11.6774193548387,13.1806451612903,11.9774193548387,7.73870967741935,7.15806451612903,35.4193548387097,34.8387096774194,36.0322580645161,37.9354838709677,43.0967741935484,5399
"Deep Springs (5399 ft)",2,2015,2015-02-01,2187,172.821785714286,9.61428571428571,10.8714285714286,9.69285714285714,4.83214285714286,6.53928571428571,46.0357142857143,45.0357142857143,45.3214285714286,45.2857142857143,46.4285714285714,5399
"Deep Springs (5399 ft)",2,2016,2016-02-01,2187,183.022068965517,10.1931034482759,11.4344827586207,6.78275862068966,5.46896551724138,6.43793103448276,42.3448275862069,41.3448275862069,41.4827586206897,41.3448275862069,42.9310344827586,5399
"Deep Springs (5399 ft)",2,2017,2017-02-01,2187,144.851428571429,15.9428571428571,19.0535714285714,15.7,11.9214285714286,9.65,37.5714285714286,36.8214285714286,37.6785714285714,38.5357142857143,41.3571428571429,5399
"Deep Springs (5399 ft)",2,2018,2018-02-01,2187,172.611785714286,9.91071428571429,10.8071428571429,10.8428571428571,5.67142857142857,7.60357142857143,39.6428571428571,39.1071428571429,40.3928571428571,41.9285714285714,45.6071428571429,5399
"Deep Springs (5399 ft)",2,2019,2019-02-01,2187,154.827857142857,14.0321428571429,16.1214285714286,16.5321428571429,10.4642857142857,7.24285714285714,33.7142857142857,33.3214285714286,34.5714285714286,36.4285714285714,40.6785714285714,5399
"Deep Springs (5399 ft)",3,2015,2015-03-01,2187,227.74935483871,8.6,9.99354838709677,8.91290322580645,5.01935483870968,6.70322580645161,53.4193548387097,52.3870967741936,51.5806451612903,50.1935483870968,49.3548387096774,5399
"Deep Springs (5399 ft)",3,2016,2016-03-01,2187,226.67064516129,9.0258064516129,10.0774193548387,7.91290322580645,5.81935483870968,6.60322580645161,51.3870967741936,50.4193548387097,50.3548387096774,49.4516129032258,48.6129032258064,5399
"Deep Springs (5399 ft)",3,2017,2017-03-01,2187,220.747741935484,12.3129032258065,13.9451612903226,13.6064516129032,10.7322580645161,12.258064516129,49.0645161290323,48.258064516129,47.7096774193548,46.2903225806452,45.5806451612903,5399
"Deep Springs (5399 ft)",3,2018,2018-03-01,2187,216.602580645161,9.46451612903226,10.4354838709677,10.3161290322581,5.88387096774194,7.56129032258065,46.8064516129032,46.0322580645161,45.7741935483871,45.258064516129,46,5399
"Deep Springs (5399 ft)",3,2019,2019-03-01,2187,211.372580645161,16.7548387096774,17.7645161290323,17.2387096774194,11.5064516129032,9.42903225806452,45.3870967741936,44.6129032258064,44.0645161290323,43.0322580645161,42.9032258064516,5399
"Deep Springs (5399 ft)",4,2015,2015-04-01,2187,294.801,5.50666666666667,7.23333333333333,7.50666666666667,5.08666666666667,6.88333333333333,59.8333333333333,58.5666666666667,57.9,56.6333333333333,54.8666666666667,5399
"Deep Springs (5399 ft)",4,2016,2016-04-01,2187,277.218,10.6233333333333,12.2433333333333,9.99,6.18,6.75666666666667,60.1666666666667,58.9666666666667,58.3,56.4333333333333,53.8666666666667,5399
"Deep Springs (5399 ft)",4,2017,2017-04-01,2187,278.221333333333,10.64,12.49,12.31,10.0866666666667,11.9666666666667,58,57.2333333333333,56.0666666666667,54.5,52.4,5399
"Deep Springs (5399 ft)",4,2018,2018-04-01,2187,288.508333333333,7.77333333333333,9.64,9.55666666666667,6.60333333333333,7.99333333333333,61.4333333333333,60.7333333333333,59.4,56.7666666666667,53.5666666666667,5399
"Deep Springs (5399 ft)",4,2019,2019-04-01,2187,265.713333333333,12.2133333333333,12.9066666666667,15.1133333333333,10.66,11.4666666666667,59.6,58.7666666666667,57.2,54.4333333333333,51.2666666666667,5399
"Deep Springs (5399 ft)",5,2015,2015-05-01,2187,274.123225806452,12,14.0258064516129,9.56451612903226,5.80967741935484,7.29032258064516,64.0645161290323,63.5483870967742,62.741935483871,61.1612903225806,58.6774193548387,5399
"Deep Springs (5399 ft)",5,2016,2016-05-01,2187,299.261612903226,7.52903225806452,9.48709677419355,8.52903225806452,6.39354838709677,7.08709677419355,67.2258064516129,66.4838709677419,64.8709677419355,62.3225806451613,58.9032258064516,5399
"Deep Springs (5399 ft)",5,2017,2017-05-01,2187,308.515483870968,9.46129032258064,11.9096774193548,10.3516129032258,8.71290322580645,11.6967741935484,67.5806451612903,67,65.3225806451613,62.4193548387097,58.741935483871,5399
"Deep Springs (5399 ft)",5,2018,2018-05-01,2187,294.768709677419,6.6258064516129,7.44516129032258,9.37741935483871,6.85161290322581,8.02258064516129,69.1612903225806,68.9354838709677,66.6774193548387,64,60.1290322580645,5399
"Deep Springs (5399 ft)",5,2019,2019-05-01,2187,261.339677419355,12.3354838709677,13.4612903225806,12.3322580645161,8.91935483870968,10.0258064516129,61.6774193548387,61.5483870967742,60.9677419354839,59.9032258064516,57.9354838709677,5399
"Deep Springs (5399 ft)",6,2015,2015-06-01,2187,319.761,10.0966666666667,12.11,10.6033333333333,7.61333333333333,7.81666666666667,79.7,78.9666666666667,77.0333333333333,73.5,67.2333333333333,5399
"Deep Springs (5399 ft)",6,2016,2016-06-01,2187,339.905666666667,9.12333333333333,10.8333333333333,8.46666666666667,6.65666666666667,7.50333333333333,81.2333333333333,80.8,78.3,73.7666666666667,66.9666666666667,5399
"Deep Springs (5399 ft)",6,2017,2017-06-01,2187,356.986333333333,5.41666666666667,6.98666666666667,9.28333333333333,7.79333333333333,9.36,82.5666666666667,82,77.8333333333333,73.2,66.9333333333333,5399
"Deep Springs (5399 ft)",6,2018,2018-06-01,2187,366.289666666667,6.04,7.41,9.42,7.12666666666667,8.19,82.9666666666667,82.5333333333333,78.6333333333333,74,67.3,5399
"Deep Springs (5399 ft)",6,2019,2019-06-01,2187,331.631,8.92,10.6266666666667,11.7833333333333,8.08,8.76,77.3,76.6666666666667,73.7333333333333,69.3333333333333,63.3,5399
"Deep Springs (5399 ft)",7,2015,2015-07-01,2187,303.047741935484,8.3258064516129,10.0903225806452,8.3258064516129,6.31290322580645,7.95483870967742,81.0967741935484,80.6451612903226,79.5806451612903,77.0967741935484,72.6451612903226,5399
"Deep Springs (5399 ft)",7,2016,2016-07-01,2187,344.75,8.80967741935484,10.9612903225806,9.26774193548387,7.03870967741936,7.90967741935484,85.7096774193548,85.2903225806452,83.3225806451613,79.6774193548387,73.5161290322581,5399
"Deep Springs (5399 ft)",7,2017,2017-07-01,2187,322.821290322581,5.00645161290323,5.90967741935484,7.73870967741935,7.53225806451613,8.95806451612903,88.4516129032258,88.0645161290323,84.1612903225806,79.9677419354839,73.5806451612903,5399
"Deep Springs (5399 ft)",7,2018,2018-07-01,2187,293.834193548387,11.8096774193548,13.3806451612903,13.7935483870968,8.28064516129032,8.59032258064516,84.3870967741936,84.1612903225806,81.9354838709677,79.1935483870968,73.2258064516129,5399
"Deep Springs (5399 ft)",7,2019,2019-07-01,2187,325.105483870968,6.38387096774194,6.94193548387097,9.97741935483871,7.84838709677419,8.68387096774194,85.8709677419355,85.3870967741936,81.7096774193548,77.6774193548387,71.1935483870968,5399
"Deep Springs (5399 ft)",8,2015,2015-08-01,2187,298.276129032258,6.44193548387097,8.31612903225806,8.14516129032258,6.10967741935484,7.86129032258065,83.741935483871,82.5483870967742,80.9677419354839,78.3870967741936,74.0645161290323,5399
"Deep Springs (5399 ft)",8,2016,2016-08-01,2187,302.416774193548,4.89354838709677,6.07741935483871,7.96451612903226,6.85806451612903,8.03225806451613,84.1290322580645,83.4193548387097,81.7741935483871,79.8709677419355,75.8387096774194,5399
"Deep Springs (5399 ft)",8,2017,2017-08-01,2187,290.483870967742,5.64193548387097,7.1741935483871,6.6741935483871,7.35483870967742,8.73870967741935,84.4193548387097,83.8064516129032,82,79.5161290322581,75.2258064516129,5399
"Deep Springs (5399 ft)",8,2018,2018-08-01,2187,284.623870967742,8.23548387096774,10.1032258064516,11.9483870967742,8.72258064516129,8.83548387096774,83.4838709677419,82.7096774193548,81.7096774193548,79.9354838709677,76,5399
"Deep Springs (5399 ft)",8,2019,2019-08-01,2187,297.387096774194,5.9,7.15483870967742,8.70967741935484,7.69032258064516,8.73870967741935,85.4838709677419,84.258064516129,81.9032258064516,78.7741935483871,73.7741935483871,5399
"Deep Springs (5399 ft)",9,2015,2015-09-01,2187,244.129,4.53666666666667,5.36666666666667,6.83333333333333,6.58666666666667,7.78,75.6666666666667,74.8,74.9,74.3,72.8333333333333,5399
"Deep Springs (5399 ft)",9,2016,2016-09-01,2187,261.277333333333,4.25,5.04666666666667,6.06,6.45,7.82666666666667,73.8666666666667,73.1666666666667,73.6,73.4333333333333,72.5666666666667,5399
"Deep Springs (5399 ft)",9,2017,2017-09-01,2187,236.975333333333,5.02666666666667,6.33,5.96666666666667,6.97333333333333,8.65666666666667,71.4,70.9,71.9666666666667,72.3666666666667,72.3666666666667,5399
"Deep Springs (5399 ft)",9,2018,2018-09-01,2187,265.972333333333,7.48333333333333,8.75333333333333,9.67666666666667,7.56666666666667,8.50666666666667,74.6333333333333,74.1333333333333,74.2333333333333,73.7666666666667,73.0333333333333,5399
"Deep Springs (5399 ft)",9,2019,2019-09-01,2187,241.637666666667,4.90666666666667,5.56666666666667,7.15333333333333,7.32,8.60333333333333,73.9,73.2,73.6,73.4333333333333,72.4333333333333,5399
"Deep Springs (5399 ft)",10,2015,2015-10-01,2187,170.367741935484,8.85161290322581,10.5612903225806,5.70967741935484,6.18387096774194,7.50322580645161,60.258064516129,59.8064516129032,61.7741935483871,63.9354838709677,66.8709677419355,5399
"Deep Springs (5399 ft)",10,2016,2016-10-01,2187,190.091935483871,3.85483870967742,4.57741935483871,4.85806451612903,5.98387096774194,7.46129032258064,60.4516129032258,60.1935483870968,61.8709677419355,63.6129032258064,66.1935483870968,5399
"Deep Springs (5399 ft)",10,2017,2017-10-01,2187,201.49,4.16451612903226,5.01290322580645,5.1741935483871,6.43225806451613,8.21290322580645,58.4516129032258,58.0967741935484,59.741935483871,61.5483870967742,64.4516129032258,5399
"Deep Springs (5399 ft)",10,2018,2018-10-01,2187,191.067741935484,7.76774193548387,9.16774193548387,8.71935483870968,6.93548387096774,8.14838709677419,58.4516129032258,58,60.1290322580645,62.2258064516129,65.5483870967742,5399
"Deep Springs (5399 ft)",10,2019,2019-10-01,2187,204.749677419355,4.25806451612903,4.75161290322581,6.03870967741936,6.69677419354839,8.34838709677419,56.4193548387097,56,58.4516129032258,61.0645161290323,64.4838709677419,5399
"Deep Springs (5399 ft)",11,2015,2015-11-01,2187,140.170333333333,8.70333333333333,9.81666666666667,6.38,5.59333333333333,6.86666666666667,40,39.6666666666667,42.7333333333333,47.6333333333333,55.0333333333333,5399
"Deep Springs (5399 ft)",11,2016,2016-11-01,2187,143.875666666667,3.72333333333333,4.30666666666667,3.99,5.50333333333333,6.97,45.5666666666667,45.3333333333333,48.9333333333333,53,58.4,5399
"Deep Springs (5399 ft)",11,2017,2017-11-01,2187,139.335333333333,4.02333333333333,4.69,4.39666666666667,6.09333333333333,7.95666666666667,47.2666666666667,46.9666666666667,50.1666666666667,53.2333333333333,57.9333333333333,5399
"Deep Springs (5399 ft)",11,2018,2018-11-01,2187,141.187333333333,5.45666666666667,7.69,8.16333333333333,6.34666666666667,7.69333333333333,45.1333333333333,44.8,47.8333333333333,51.1333333333333,56.8333333333333,5399
"Deep Springs (5399 ft)",11,2019,2019-11-01,2187,126.336333333333,4.45,4.48333333333333,5.39333333333333,6.25333333333333,8.35666666666667,45.1666666666667,44.7,47.5333333333333,50.9,56.1666666666667,5399
"Deep Springs (5399 ft)",12,2015,2015-12-01,2187,110.046774193548,7.3741935483871,8.50645161290323,6.00322580645161,5.19677419354839,6.45806451612903,31.7741935483871,31.2258064516129,33.8064516129032,38.4193548387097,45.8387096774194,5399
"Deep Springs (5399 ft)",12,2016,2016-12-01,2187,106.229677419355,4.36774193548387,5.18387096774194,3.49032258064516,4.94193548387097,6.54516129032258,33.1612903225806,32.8709677419355,36.7741935483871,41.5483870967742,48.7096774193548,5399
"Deep Springs (5399 ft)",12,2017,2017-12-01,2187,117.657419354839,3.81290322580645,4.55161290322581,3.85161290322581,5.53870967741936,7.64838709677419,36.0967741935484,35.7096774193548,39.3548387096774,43.4516129032258,49.9677419354839,5399
"Deep Springs (5399 ft)",12,2018,2018-12-01,2187,103.968064516129,9.8258064516129,10.6322580645161,7.6741935483871,5.93225806451613,7.35161290322581,34.0322580645161,33.6774193548387,36.2903225806452,40.6129032258064,47.7741935483871,5399
"Deep Springs (5399 ft)",12,2019,2019-12-01,2187,89.678064516129,12.6322580645161,13.1451612903226,11.4677419354839,5.74193548387097,8.24516129032258,33.5483870967742,33.3870967741936,35.8064516129032,39.9354838709677,47.4516129032258,5399
"Ford Dry Lake (394 ft)",1,2015,2015-01-01,2184,121.926451612903,6.71612903225806,7.19032258064516,10.4548387096774,11.3096774193548,9.88064516129032,58.3870967741936,58.4193548387097,59.9354838709677,63.258064516129,68.0322580645161,394
"Ford Dry Lake (394 ft)",1,2016,2016-01-01,2184,118.826774193548,7.59677419354839,8.2,9.89677419354839,11.4193548387097,9.74193548387097,54.0322580645161,54.5806451612903,56.5806451612903,60.6451612903226,66.2903225806452,394
"Ford Dry Lake (394 ft)",1,2017,2017-01-01,2184,117.497741935484,11.6838709677419,14.7709677419355,21.9870967741935,11.6516129032258,9.5741935483871,53.6129032258064,53.8709677419355,55.1935483870968,59.9032258064516,66.258064516129,394
"Ford Dry Lake (394 ft)",1,2018,2018-01-01,2184,124.995806451613,2.51935483870968,6.90645161290323,10.7967741935484,13.9612903225806,10.0225806451613,60.2903225806452,60.258064516129,61.6451612903226,64.7096774193548,68.9032258064516,394
"Ford Dry Lake (394 ft)",1,2019,2019-01-01,2184,116.525483870968,7.50322580645161,14.2290322580645,16.641935483871,11.6806451612903,9.73870967741935,54.9677419354839,54.8709677419355,56.0645161290323,60.1612903225806,65.4193548387097,394
"Ford Dry Lake (394 ft)",2,2015,2015-02-01,2184,175.962857142857,6.28571428571429,9.73571428571429,12.075,11.7285714285714,9.88571428571429,68.1071428571429,67.3928571428571,68.0714285714286,69,70.0357142857143,394
"Ford Dry Lake (394 ft)",2,2016,2016-02-01,2184,177.304827586207,4.36206896551724,6.2551724137931,11.4758620689655,12.1724137931034,9.82068965517241,65.9310344827586,65.7241379310345,65.4137931034483,66.2758620689655,67.6206896551724,394
"Ford Dry Lake (394 ft)",2,2017,2017-02-01,2184,148.408928571429,9.60357142857143,14.3392857142857,20.575,12.6785714285714,9.61785714285714,63.2857142857143,63.2142857142857,63.6071428571429,65.3214285714286,67.3928571428571,394
"Ford Dry Lake (394 ft)",2,2018,2018-02-01,2184,172.265,1.07142857142857,6.45,10.9285714285714,14.0142857142857,10.1321428571429,62.3214285714286,62.0714285714286,63.7142857142857,66.4642857142857,69.3571428571429,394
"Ford Dry Lake (394 ft)",2,2019,2019-02-01,2184,155.241428571429,5.82857142857143,12.3285714285714,16.6571428571429,11.9571428571429,9.74642857142857,56.3571428571429,56.1071428571429,57.6071428571429,61.2857142857143,65.5,394
"Ford Dry Lake (394 ft)",3,2015,2015-03-01,2184,228.936774193548,7.60322580645161,11.7935483870968,15.8322580645161,12.3096774193548,10.0709677419355,75.8064516129032,75.6774193548387,74.9354838709677,74.0967741935484,72.8709677419355,394
"Ford Dry Lake (394 ft)",3,2016,2016-03-01,2184,219.214516129032,3.39354838709677,5.28709677419355,11.2451612903226,13,10.1161290322581,73.6129032258064,74.0967741935484,73.1935483870968,73.2258064516129,72.2258064516129,394
"Ford Dry Lake (394 ft)",3,2017,2017-03-01,2184,222.997096774194,6.63548387096774,12.4451612903226,20.5806451612903,13.9064516129032,9.81935483870968,73.4516129032258,73.5806451612903,72.7096774193548,72.3870967741936,71.2258064516129,394
"Ford Dry Lake (394 ft)",3,2018,2018-03-01,2184,211.461612903226,1.31612903225806,6.65806451612903,11.1225806451613,14.0838709677419,10.1806451612903,70.9354838709677,70.8709677419355,69.7741935483871,69.2903225806452,69.9032258064516,394
"Ford Dry Lake (394 ft)",3,2019,2019-03-01,2184,205.159677419355,3.19032258064516,10.2516129032258,17.4903225806452,12.7903225806452,9.95483870967742,69.0322580645161,69.0967741935484,68.3870967741936,68.3548387096774,68.1935483870968,394
"Ford Dry Lake (394 ft)",4,2015,2015-04-01,2184,283.238,4.14,6.69333333333333,16.3066666666667,13.2566666666667,10.3966666666667,81.9666666666667,82.3,80.4,80.1,78.1666666666667,394
"Ford Dry Lake (394 ft)",4,2016,2016-04-01,2184,252.942666666667,5.96333333333333,8.84333333333333,11.7633333333333,13.5133333333333,10.4033333333333,79.2333333333333,80,78.8,77.8,76,394
"Ford Dry Lake (394 ft)",4,2017,2017-04-01,2184,264.252,4.71,9.05666666666667,20.0866666666667,15.2633333333333,10.27,81.5666666666667,82.0666666666667,79.9,79.2666666666667,76.8666666666667,394
"Ford Dry Lake (394 ft)",4,2018,2018-04-01,2184,270.563333333333,1.13666666666667,6.51,11.5833333333333,14.9133333333333,10.63,84.1666666666667,84.7666666666667,82.0333333333333,79.3,76.2666666666667,394
"Ford Dry Lake (394 ft)",4,2019,2019-04-01,2184,262.300666666667,2.26666666666667,7.94333333333333,17.0633333333333,14.08,10.39,82.6666666666667,82.7666666666667,79.9333333333333,77.9,74.5333333333333,394
"Ford Dry Lake (394 ft)",5,2015,2015-05-01,2184,298.157419354839,5.46451612903226,8.09032258064516,14.2387096774194,13.8322580645161,10.6129032258065,87.4516129032258,87.6774193548387,85.6129032258064,83.7741935483871,81,394
"Ford Dry Lake (394 ft)",5,2016,2016-05-01,2184,308.914838709677,3.83225806451613,6.02903225806452,12.2612903225806,14.1774193548387,10.6806451612903,89.7096774193548,89.6774193548387,86.6774193548387,83.9677419354839,80.3870967741936,394
"Ford Dry Lake (394 ft)",5,2017,2017-05-01,2184,301.854193548387,5.87741935483871,11.0548387096774,19.5709677419355,16.3387096774194,10.6193548387097,89.4516129032258,89.5483870967742,87.0322580645161,85.2903225806452,81.6129032258064,394
"Ford Dry Lake (394 ft)",5,2018,2018-05-01,2184,306.406451612903,1.13225806451613,6.47741935483871,11.5193548387097,15.2193548387097,10.9064516129032,92.258064516129,92.258064516129,89.2903225806452,85.741935483871,81.6451612903226,394
"Ford Dry Lake (394 ft)",5,2019,2019-05-01,2184,286.556129032258,1.81612903225806,7.32903225806452,14.3064516129032,14.9806451612903,10.7225806451613,87.0645161290323,87.0967741935484,84.6451612903226,83.1290322580645,80,394
"Ford Dry Lake (394 ft)",6,2015,2015-06-01,2184,298.641,3.84,6.02666666666667,13.7066666666667,14.7666666666667,11.0866666666667,100.2,103.6,98.9333333333333,93.5,87.2333333333333,394
"Ford Dry Lake (394 ft)",6,2016,2016-06-01,2184,308.853,3.36666666666667,5.43,11.9,15.04,11.1266666666667,101.733333333333,104.033333333333,99.3,93.4,86.8666666666667,394
"Ford Dry Lake (394 ft)",6,2017,2017-06-01,2184,324.261333333333,4.22,7.86,18.1733333333333,17.7133333333333,11.2166666666667,100.366666666667,103.5,98.6333333333333,94.6,88.1333333333333,394
"Ford Dry Lake (394 ft)",6,2018,2018-06-01,2184,318.700333333333,1.08,6.40333333333333,11.57,15.71,11.4533333333333,99.4,101.833333333333,98,93.2666666666667,87.5666666666667,394
"Ford Dry Lake (394 ft)",6,2019,2019-06-01,2184,306.459,1.39,6.87333333333333,13.2066666666667,15.91,11.1366666666667,98.8,100.8,96.4,91.5666666666667,85.3666666666667,394
"Ford Dry Lake (394 ft)",7,2015,2015-07-01,2184,291.655806451613,5.78387096774194,8.25483870967742,12.9709677419355,14.9193548387097,11.5161290322581,100.451612903226,102.935483870968,100.516129032258,97.1612903225806,92.3225806451613,394
"Ford Dry Lake (394 ft)",7,2016,2016-07-01,2184,299.310967741935,3.42903225806452,5.31612903225806,11.5161290322581,15.2290322580645,11.5290322580645,104.258064516129,108.516129032258,104.548387096774,99.2258064516129,92.8387096774194,394
"Ford Dry Lake (394 ft)",7,2017,2017-07-01,2184,277.986451612903,4.23225806451613,7.47741935483871,15.3774193548387,18.8645161290323,11.6612903225806,105.290322580645,109.709677419355,104.967741935484,100.677419354839,94.6451612903226,394
"Ford Dry Lake (394 ft)",7,2018,2018-07-01,2184,276.645161290323,3.03870967741935,7.7,12.0548387096774,15.6129032258065,11.8032258064516,104.935483870968,108.709677419355,105.129032258065,99.1935483870968,92.741935483871,394
"Ford Dry Lake (394 ft)",7,2019,2019-07-01,2184,285.733870967742,1.4741935483871,6.57741935483871,12.3290322580645,15.9806451612903,11.5451612903226,102.645161290323,105.870967741935,101.967741935484,96.5483870967742,90.6774193548387,394
"Ford Dry Lake (394 ft)",8,2015,2015-08-01,2184,268.204193548387,4.35483870967742,6.36774193548387,13.3451612903226,14.9935483870968,11.6451612903226,102.58064516129,106.516129032258,103.096774193548,99.3548387096774,94.9354838709677,394
"Ford Dry Lake (394 ft)",8,2016,2016-08-01,2184,251.666451612903,3.90322580645161,5.70322580645161,11.1774193548387,14.9806451612903,11.6612903225806,103.225806451613,105.548387096774,103,99.8709677419355,95.8064516129032,394
"Ford Dry Lake (394 ft)",8,2017,2017-08-01,2184,266.560322580645,5.46129032258064,9.84516129032258,15.0774193548387,18.7645161290323,11.9,101.548387096774,104.129032258065,101.612903225806,99.1290322580645,95.741935483871,394
"Ford Dry Lake (394 ft)",8,2018,2018-08-01,2184,259.091935483871,1.87741935483871,7.08709677419355,11.6967741935484,15.5483870967742,11.9387096774194,103.709677419355,108.064516129032,105.548387096774,101.870967741935,96.7096774193548,394
"Ford Dry Lake (394 ft)",8,2019,2019-08-01,2184,267.881935483871,1.43870967741935,6.28709677419355,11.7290322580645,15.6096774193548,11.8709677419355,101.290322580645,106.387096774194,103.387096774194,99.0967741935484,94,394
"Ford Dry Lake (394 ft)",9,2015,2015-09-01,2184,215.175,3.97666666666667,5.75,11.99,14.4933333333333,11.68,97.3666666666667,98.0333333333333,97.1,96.3333333333333,94.4,394
"Ford Dry Lake (394 ft)",9,2016,2016-09-01,2184,218.733333333333,4.9,6.89333333333333,10.6433333333333,14.1433333333333,11.5266666666667,90.6666666666667,91.6333333333333,92.1333333333333,93.2333333333333,92.7666666666667,394
"Ford Dry Lake (394 ft)",9,2017,2017-09-01,2184,227.476333333333,5.42666666666667,10.32,14.87,17.82,11.7766666666667,89.6666666666667,91,91.8666666666667,93.7333333333333,93.8,394
"Ford Dry Lake (394 ft)",9,2018,2018-09-01,2184,231.507666666667,1.16666666666667,6.47666666666667,11.0533333333333,14.6466666666667,12.03,98.5333333333333,99.4333333333333,98.5333333333333,97.2333333333333,95.1333333333333,394
"Ford Dry Lake (394 ft)",9,2019,2019-09-01,2184,239.06,2.03333333333333,6.53333333333333,11.6333333333333,15.5666666666667,11.8,101.333333333333,106.666666666667,104,100,95,394
"Ford Dry Lake (394 ft)",10,2015,2015-10-01,2184,176.083225806452,5.17096774193548,6.18709677419355,11.2129032258065,13.5903225806452,11.3516129032258,84.3870967741936,84.6774193548387,86.4838709677419,89.0645161290323,90,394
"Ford Dry Lake (394 ft)",10,2016,2016-10-01,2184,179.858387096774,3.76451612903226,6.40967741935484,10.6645161290323,13.5290322580645,11.1161290322581,82,82.2258064516129,83.5483870967742,85.9677419354839,87.1612903225806,394
"Ford Dry Lake (394 ft)",10,2017,2017-10-01,2184,193.456774193548,1.97096774193548,7.33548387096774,13.5548387096774,16.6064516129032,11.2677419354839,80.2903225806452,80.1612903225806,81.3870967741936,84.0645161290323,86.5483870967742,394
"Ford Dry Lake (394 ft)",10,2018,2018-10-01,2184,182.502903225806,5.57741935483871,12.0290322580645,14.8129032258065,13.2483870967742,11.4806451612903,76.7741935483871,77.0645161290323,79.5483870967742,85.0645161290323,88.5161290322581,394
"Ford Dry Lake (394 ft)",11,2015,2015-11-01,2184,137.001666666667,3.5,5.13,10.5133333333333,12.2266666666667,10.6733333333333,62.2,63.0666666666667,67.2,74.2333333333333,80.5666666666667,394
"Ford Dry Lake (394 ft)",11,2016,2016-11-01,2184,138.279666666667,3.17333333333333,5.64333333333333,9.68666666666667,12.72,10.64,66.7333333333333,67.3333333333333,70.7,76.6666666666667,81.2,394
"Ford Dry Lake (394 ft)",11,2017,2017-11-01,2184,120.209333333333,1.64666666666667,6.84333333333333,11.8133333333333,15.6633333333333,10.8166666666667,68.8333333333333,69.1666666666667,71.7333333333333,76.2666666666667,80.5333333333333,394
"Ford Dry Lake (394 ft)",11,2018,2018-11-01,2184,142.585666666667,2.67666666666667,10.2266666666667,16.81,12.3766666666667,10.78,62.3666666666667,62.7333333333333,65.4666666666667,72.5333333333333,78.9333333333333,394
"Ford Dry Lake (394 ft)",12,2015,2015-12-01,2184,113.118709677419,2.99677419354839,4.46129032258064,9.5258064516129,11.4774193548387,10.1064516129032,52.9677419354839,53.7741935483871,57.2258064516129,64.0967741935484,71.4193548387097,394
"Ford Dry Lake (394 ft)",12,2016,2016-12-01,2184,101.752903225806,7.4,9.73870967741935,13.6064516129032,11.8354838709677,9.99354838709677,55.3870967741936,55.9032258064516,58.4516129032258,65.1612903225806,72.2903225806452,394
"Ford Dry Lake (394 ft)",12,2017,2017-12-01,2184,120.342903225806,0.661290322580645,6.11290322580645,10.6774193548387,14.5322580645161,10.3483870967742,56.5483870967742,57.1612903225806,60.6774193548387,66.8387096774194,73.3548387096774,394
"Ford Dry Lake (394 ft)",12,2018,2018-12-01,2184,108.618387096774,6.53548387096774,12.9935483870968,16.0935483870968,11.8032258064516,10.2161290322581,53.3225806451613,53.5483870967742,56.1612903225806,63.258064516129,70.7096774193548,394
"French Gulch (3704 ft)",1,2015,2015-01-01,2218,78.5251612903226,12.8709677419355,20.3709677419355,25.8129032258065,26.3290322580645,31.8516129032258,42.2903225806452,42.7741935483871,42.6451612903226,44.1290322580645,46.3870967741936,3704
"French Gulch (3704 ft)",1,2016,2016-01-01,2218,40.9716129032258,14.0096774193548,20.5,23.9516129032258,25.6322580645161,31.641935483871,36.6774193548387,37.2903225806452,37.5806451612903,39.1612903225806,42.2258064516129,3704
"French Gulch (3704 ft)",1,2018,2018-01-01,2218,49.4941935483871,18.5129032258065,20.3838709677419,22.8870967741935,24.6258064516129,30.1870967741935,42.0645161290323,42.8387096774194,43.3225806451613,45.0967741935484,48.1935483870968,3704
"French Gulch (3704 ft)",1,2019,2019-01-01,2218,60.9696774193548,5.73225806451613,15.741935483871,22.0193548387097,24.9,30.9290322580645,39.741935483871,39.9032258064516,39.8387096774194,41.0967741935484,44.1290322580645,3704
"French Gulch (3704 ft)",2,2015,2015-02-01,2218,99.9746428571429,13.5142857142857,20.6607142857143,26.5607142857143,27.3321428571429,32.6285714285714,45.7857142857143,46.1785714285714,45.8214285714286,46.7857142857143,47.3571428571429,3704
"French Gulch (3704 ft)",2,2016,2016-02-01,2218,97.3520689655172,16.4724137931034,19.1310344827586,22.9862068965517,24.7413793103448,31.2758620689655,42.6896551724138,42.9310344827586,42.3793103448276,42.7241379310345,43.5172413793103,3704
"French Gulch (3704 ft)",2,2018,2018-02-01,2218,106.464642857143,14.3535714285714,17.1714285714286,21.125,23.5392857142857,29.9928571428571,40.7142857142857,41.5357142857143,42.25,44.1785714285714,46.6071428571429,3704
"French Gulch (3704 ft)",2,2019,2019-02-01,2218,71.3428571428571,9.75357142857143,17.7892857142857,23.4678571428571,25.4285714285714,31.125,33.8928571428571,35.0714285714286,35.6071428571429,38.4642857142857,42.3928571428571,3704
"French Gulch (3704 ft)",3,2015,2015-03-01,2218,154.554516129032,10.8741935483871,18.5645161290323,24.4483870967742,25.4806451612903,31.8354838709677,52.0967741935484,51.8709677419355,50.7741935483871,50.3225806451613,49.4193548387097,3704
"French Gulch (3704 ft)",3,2016,2016-03-01,2218,120.587419354839,18.8677419354839,21.341935483871,24.2193548387097,25.6516129032258,31.9451612903226,46.1290322580645,46.0645161290323,45.4838709677419,45.3548387096774,45.3870967741936,3704
"French Gulch (3704 ft)",3,2018,2018-03-01,2218,117.55064516129,19.4483870967742,20.9354838709677,23.8806451612903,25.0290322580645,30.7451612903226,42.4516129032258,42.5806451612903,42.3225806451613,42.8387096774194,44.7741935483871,3704
"French Gulch (3704 ft)",3,2019,2019-03-01,2218,127.471935483871,8.45161290322581,17.141935483871,23.4548387096774,25.7,31.2096774193548,43.3548387096774,42.9677419354839,42.0645161290323,41.2903225806452,41,3704
"French Gulch (3704 ft)",4,2015,2015-04-01,2218,234.383333333333,8.52666666666667,16.8766666666667,22.3566666666667,24.6133333333333,32.1533333333333,57.8666666666667,57.2333333333333,55.9666666666667,54.8,52.5,3704
"French Gulch (3704 ft)",4,2016,2016-04-01,2218,222.7845,13.7,18.095,22.115,24.345,31.41,58.65,57.75,56.05,53.4,49.75,3704
"French Gulch (3704 ft)",4,2018,2018-04-01,2218,190.480666666667,16.57,20.0466666666667,24.1266666666667,25.03,31.15,53.4,53.2,52.2333333333333,51.0333333333333,49.1,3704
"French Gulch (3704 ft)",4,2019,2019-04-01,2218,195.375666666667,4.60333333333333,14.6533333333333,21.85,25.2366666666667,31.29,56.6333333333333,55.5666666666667,53.7333333333333,50.6666666666667,46.7333333333333,3704
"French Gulch (3704 ft)",5,2015,2015-05-01,2218,254.123548387097,4.92258064516129,11.4,15.2935483870968,19.2677419354839,29.3903225806452,66.8709677419355,66.1612903225806,64.6774193548387,62.4193548387097,58.2258064516129,3704
"French Gulch (3704 ft)",5,2017,2017-05-01,2218,385.255,5.15,9.35,11.9,16.85,23.1,68.5,69,69,66.5,58.5,3704
"French Gulch (3704 ft)",5,2018,2018-05-01,2218,270.085161290323,12.958064516129,17.441935483871,21.1,21.6548387096774,28.3,65.8709677419355,65.0967741935484,63.4193548387097,60.3225806451613,55.6451612903226,3704
"French Gulch (3704 ft)",5,2019,2019-05-01,2218,238.562258064516,3.02258064516129,11.9161290322581,18.5774193548387,23.2258064516129,30.5612903225806,65.0967741935484,63.8709677419355,62.2903225806452,59.9677419354839,55.9032258064516,3704
"French Gulch (3704 ft)",6,2015,2015-06-01,2218,314.960666666667,3.53333333333333,9.73333333333333,13.2033333333333,16.9166666666667,24.77,81.2,79.7666666666667,77.3,72.2333333333333,64.5666666666667,3704
"French Gulch (3704 ft)",6,2017,2017-06-01,2218,305.74,5.73666666666667,9.48333333333333,11.6166666666667,15.9766666666667,21.0433333333333,77.2666666666667,75.8333333333333,73.2666666666667,68.5666666666667,61.0333333333333,3704
"French Gulch (3704 ft)",6,2018,2018-06-01,2218,331.742666666667,7.08,11.3133333333333,13.9833333333333,17.2333333333333,22.2033333333333,77.9666666666667,76.5666666666667,74.0666666666667,69.5,62.2666666666667,3704
"French Gulch (3704 ft)",6,2019,2019-06-01,2218,325.086333333333,0.686666666666667,8.68666666666667,14.8366666666667,19.9,26.5133333333333,82.5666666666667,79.1,76.4,71.2,62.3666666666667,3704
"French Gulch (3704 ft)",7,2015,2015-07-01,2218,282.01064516129,1.69677419354839,8.05161290322581,11.2387096774194,14.5451612903226,20.241935483871,82.2258064516129,81.5161290322581,80,76.6774193548387,70.3870967741936,3704
"French Gulch (3704 ft)",7,2017,2017-07-01,2218,326.973548387097,2.79354838709677,7.84516129032258,11,14.258064516129,18.9870967741935,88.0967741935484,85.8387096774194,83.1290322580645,77.9032258064516,69.1290322580645,3704
"French Gulch (3704 ft)",7,2018,2018-07-01,2218,287.01935483871,2.99677419354839,8.43870967741936,11.5838709677419,14.6193548387097,19.0322580645161,85.8709677419355,84.1612903225806,81.8709677419355,77.3548387096774,69.258064516129,3704
"French Gulch (3704 ft)",7,2019,2019-07-01,2218,313.023548387097,0.606451612903226,3.56129032258064,11.5645161290323,16.3677419354839,20.9870967741935,90.5161290322581,85.8064516129032,82.7096774193548,77.9032258064516,69.6451612903226,3704
"French Gulch (3704 ft)",8,2015,2015-08-01,2218,242.249677419355,0.235483870967742,7.05483870967742,10.4064516129032,13.6064516129032,19.0354838709677,79.6129032258064,79.3225806451613,78.5161290322581,76.5806451612903,71.741935483871,3704
"French Gulch (3704 ft)",8,2017,2017-08-01,2218,257.811612903226,1.7741935483871,6.71290322580645,10.6258064516129,13.3806451612903,18.2677419354839,86.0645161290323,84.2903225806452,82.1612903225806,79.258064516129,72.8709677419355,3704
"French Gulch (3704 ft)",8,2018,2018-08-01,2218,219.577741935484,0.167741935483871,3.87741935483871,9.45483870967742,13.5322580645161,18.4032258064516,79.6451612903226,77.8387096774194,76.5161290322581,75.2258064516129,70.8387096774194,3704
"French Gulch (3704 ft)",8,2019,2019-08-01,2218,266.124838709677,0.845161290322581,3.31935483870968,10.3290322580645,14.8322580645161,19.6741935483871,86.6129032258064,83.8387096774194,81.741935483871,78.9677419354839,72.9354838709677,3704
"French Gulch (3704 ft)",9,2015,2015-09-01,2218,182.264333333333,2.16666666666667,8.50333333333333,10.39,12.91,18.4033333333333,71.6333333333333,71.9333333333333,71.6,71.8333333333333,69.8666666666667,3704
"French Gulch (3704 ft)",9,2017,2017-09-01,2218,178.209666666667,1.54,6.29,10.0333333333333,12.7533333333333,17.9366666666667,74.0333333333333,74.1666666666667,73.7333333333333,73.8666666666667,71.7666666666667,3704
"French Gulch (3704 ft)",9,2018,2018-09-01,2218,189.230666666667,0.11,1.94333333333333,8.58333333333333,13.1466666666667,18.3866666666667,74.4333333333333,73.2,72.3,72,69.9333333333333,3704
"French Gulch (3704 ft)",9,2019,2019-09-01,2218,194.229666666667,0.496666666666667,2.82,9.49666666666667,13.9633333333333,19.1533333333333,72.6,72.6666666666667,72.4,73.3,71.5333333333333,3704
"French Gulch (3704 ft)",10,2015,2015-10-01,2218,124.421935483871,2.71935483870968,7.9258064516129,10.2774193548387,12.441935483871,18.0967741935484,61.8709677419355,62.7741935483871,63.2258064516129,64.9354838709677,66,3704
"French Gulch (3704 ft)",10,2017,2017-10-01,2218,136.056774193548,1.80967741935484,6.00322580645161,9.51612903225806,12.0161290322581,17.4806451612903,59.6774193548387,60.7096774193548,61.2258064516129,63.3548387096774,65.0967741935484,3704
"French Gulch (3704 ft)",10,2018,2018-10-01,2218,142.74935483871,0.506451612903226,5.15806451612903,9.10322580645161,12.6774193548387,18.0483870967742,61.3225806451613,61.1935483870968,61.4193548387097,63.1935483870968,64.5806451612903,3704
"French Gulch (3704 ft)",10,2019,2019-10-01,2218,156.931935483871,0.164516129032258,4.40322580645161,9.21935483870968,13.1161290322581,18.5967741935484,58.3870967741936,58.741935483871,59.2258064516129,61.5806451612903,64,3704
"French Gulch (3704 ft)",11,2015,2015-11-01,2218,82.0356666666667,4.7,10.98,10.8633333333333,12.0866666666667,17.7133333333333,44.0666666666667,45.9,47.3333333333333,52.1666666666667,57.3666666666667,3704
"French Gulch (3704 ft)",11,2017,2017-11-01,2218,51.4103333333333,14.7466666666667,16.9933333333333,18.76,18.2433333333333,21.6466666666667,46.3333333333333,47.6666666666667,48.8666666666667,52.4,57.0333333333333,3704
"French Gulch (3704 ft)",11,2018,2018-11-01,2218,85.0153333333333,1.51,6.42,12.12,14.69,18.83,50.1666666666667,50.7666666666667,51.7333333333333,54.9,58.8333333333333,3704
"French Gulch (3704 ft)",11,2019,2019-11-01,2218,95.0443333333333,0.0333333333333333,3.92,9.09333333333333,12.8966666666667,18.3666666666667,52.0666666666667,52.8333333333333,53.7,56.3333333333333,59.2333333333333,3704
"French Gulch (3704 ft)",12,2015,2015-12-01,2218,42.3822580645161,11.8322580645161,18.8645161290323,22.0806451612903,22.6322580645161,26.9225806451613,37.5483870967742,38.6774193548387,39.4838709677419,43.1935483870968,48.5806451612903,3704
"French Gulch (3704 ft)",12,2017,2017-12-01,2218,63.6596774193548,14.0129032258065,17.1354838709677,20.2516129032258,22.9645161290323,28.3806451612903,41,42.1612903225806,43.1612903225806,46.1935483870968,50.4193548387097,3704
"French Gulch (3704 ft)",12,2018,2018-12-01,2218,57.5845161290323,4.75161290322581,15.2387096774194,21.1645161290323,24.4516129032258,30.6741935483871,38.4193548387097,39.6451612903226,40.5483870967742,44.0645161290323,49.3870967741936,3704
"French Gulch (3704 ft)",12,2019,2019-12-01,2218,43.6161290322581,6.8258064516129,13.6,19.2741935483871,22.0483870967742,28.7161290322581,37.5483870967742,38.7096774193548,39.4838709677419,43,48.8064516129032,3704
